<?xml version="1.0" encoding="UTF-8"?>
<root>
    <programmes>
        <id>0000</id>
        <thumbnailimage/>
        <title>
            <![CDATA[1080*1920-1283]]>
        </title>
        <width>1080</width>
        <height>1920</height>
        <fullimage/>
        <starttime/>
        <endtime/>
        <type>1</type>
        <bgcolor>
            <![CDATA[#ffffff]]>
        </bgcolor>
        <layout>
            <id>0000000000000000</id>
            <layoutname>
                <![CDATA[default-program]]>
            </layoutname>
            <width>1080</width>
            <height>1920</height>
            <x>0</x>
            <y>0</y>
            <locked>0</locked>
            <ontop>0</ontop>
            <type>1000</type>
            <contents>
                <id>0</id>
                <materialid>
                    <![CDATA[0000]]>
                </materialid>
                <fileproterty>video</fileproterty>
                <fsize>99999</fsize>
                <timelength>99999</timelength>
                <playtimes>1</playtimes>
                <contentsname>
                    <![CDATA[def.mp4]]>
                </contentsname>
                <contentsnewname>
                    <![CDATA[def.mp4]]>
                </contentsnewname>
                <getcontents>
                    <![CDATA[file:///mnt/sdcard/wosplayer/default/def.mp4]]>
                </getcontents>
                <expansion>0</expansion>
                <approvedOrNot>0</approvedOrNot>
            </contents>
         
        </layout>
</programmes>
</root>