<?xml version="1.0" encoding="UTF-8"?>
<root>
    <url>
        <![CDATA[file:///mnt/sdcard/wosplayer/default/]]>
    </url>
    <uuks>default</uuks>
    <schedule>
        <id>0</id>
        <type>5</type>
        <termtype>5</termtype>
        <clientid>0000</clientid>
        <clientname>
            <![CDATA[TEMP0000]]>
        </clientname>
        <summary>
            <![CDATA[default]]>
        </summary>
        <color>
            <![CDATA[]]>
        </color>
        <description>
            <![CDATA[]]>
        </description>
        <modifydt>
            <![CDATA[2099-01-01 00:00:00]]>
        </modifydt>
        <startcron>
            <![CDATA[2000-01-01 00:00:00]]>
        </startcron>
        <endcron>
            <![CDATA[2099-01-01 00:00:00]]>
        </endcron>
        <cronexpression>
            <![CDATA[]]>
        </cronexpression>
        <executeexpression>
            <![CDATA[]]>
        </executeexpression>
        <allday>
            <![CDATA[0]]>
        </allday>
        <timelength>160000</timelength>
        <start>
            <![CDATA[2016-10-25 18:33:23]]>
        </start>
        <end>
            <![CDATA[2016-10-26 18:13:23]]>
        </end>
        <program>
            <id>default_prog.xml</id>
            <name>
                <![CDATA[1080*1920-1283]]>
            </name>
            <description>
                <![CDATA[]]>
            </description>
        </program>
    </schedule>
</root>