
<table>
	
	<item>项目 Items</item>
	<personal>个人  Personal</personal>
	<company>公司 Company</company>
	
	<content>
		<com>
			<item>一、活期  Current deposit</item>
			<personal>0.35</personal>
			<company>0.399</company>
		</com>
		
		<com>
			<item>二、定期 Fixed term deposit</item>
			<personal></personal>
			<company></company>
		</com>
		
		<com>
			<item> 1.整存整取  Lump-sum Time Deposit</item>
			<personal></personal>
			<company></company>
		</com>
		
		<com>
			<item> 三个月  Three months </item>
			<personal>1.474</personal>
			<company>1.474</company>
		</com>
		
		<com>
			<item> 六个月  Six months </item>
			<personal>1.742</personal>
			<company>1.742</company>
		</com>
		
		<com>
			<item> 一年  One year </item>
			<personal>1.995</personal>
			<company>1.995</company>
		</com>
		
		<com>
			<item> 二年  Two years </item>
			<personal>2.793</personal>
			<company>2.70</company>
		</com>
		
		<com>
			<item> 三年  Three years </item>
			<personal>3.125</personal>
			<company>3.20</company>
		</com>
		
		<com>
			<item> 五年  Five years </item>
			<personal>3.50</personal>
			<company>3.50</company>
		</com>
		
		<com>
			<item> 二、定期  Fixed term deposit </item>
			<personal></personal>
			<company></company>
		</com>
		
		<com>
			<item> 2.零存整取、整存零取、存本取息  Installment Time Deposit、Annuity Savings Deposit、Renewal&amp;Interest payment Deposit </item>
			<personal></personal>
			<company></company>
		</com>
		
		<com>
			<item> 一年  One year </item>
			<personal>1.463</personal>
			<company></company>
		</com>
		
		<com>
			<item> 三年  Three years </item>
			<personal>1.729</personal>
			<company></company>
		</com>
		
		<com>
			<item> 五年  Five years </item>
			<personal>2.16</personal>
			<company></company>
		</com>
		
		<com>
			<item> 3.定活两便（按一年期以内定期整存整取同档次利率打六折执行） Time-demand（The interest rate is the off 40% interest rate of installment time deposit） </item>
			<personal></personal>
			<company></company>
		</com>
		
		<com>
			<item> 三、通知存款  Call Deposit </item>
			<personal></personal>
			<company></company>
		</com>
		
		<com>
			<item> 一天  One day </item>
			<personal>0.80</personal>
			<company>0.60</company>
		</com>
		
		<com>
			<item> 七天  Seven day </item>
			<personal>1.35</personal>
			<company>1.40</company>
		</com>
		
		<com>
			<item> 四、协定存款  Agreement Deposit </item>
			<personal>1.495</personal>
			<company>1.495</company>
		</com>

		<com>
			<item>二、定期 Fixed term deposit</item>
			<personal></personal>
			<company></company>
		</com>
		
		<com>
			<item>2.零存整取、整存零取、存本取息 Installment Time Deposit、Annuity Savings Deposit、Renewal&amp;Interest payment Deposit</item>
			<personal></personal>
			<company></company>
		</com>
		
		<com>
			<item> 一年  One year</item>
			<personal>1.463</personal>
			<company></company>
		</com>
		
		<com>
			<item> 三年  Three years</item>
			<personal>1.729</personal>
			<company></company>
		</com>
		
		<com>
			<item> 五年  Five years</item>
			<personal>2.16</personal>
			<company></company>
		</com>
		
		<com>
			<item> 3.定活两便（按一年期以内定期整存整取同档次利率打六折执行）Time-demand（The interest rate is the off 40% interest rate of installment time deposit）</item>
			<personal></personal>
			<company></company>
		</com>
		
		<com>
			<item> 三、通知存款  Call Deposit </item>
			<personal></personal>
			<company></company>
		</com>
		
		<com>
			<item> 一天  One day </item>
			<personal>0.80</personal>
			<company>0.60</company>
		</com>
		
		<com>
			<item> 七天  Seven day </item>
			<personal>1.35</personal>
			<company>1.40</company>
		</com>
		
		<com>
			<item> 四、协定存款   Agreement Deposit </item>
			<personal>1.495</personal>
			<company>1.495</company>
		</com>
		
		
		
		
	</content>
	
	</table>