<?xml version="1.0" encoding="UTF-8"?>
<fdyh>
<rmbDepositRate>
<tblName>rmbDepositRate</tblName>
<row>
<topic>主类型</topic>
<type>小类型</type>
<item>项目 Items</item>
<personal>个人  Personal</personal>
<company>公司 Company</company>
</row>
<hq>
<topic>一、活期 HUOQI Current deposit</topic>
<type></type>
<item></item>
<personal>0.89</personal>
<company>0.98</company>
</hq>
<dq>
<topic>二、定期 Fixed term deposit</topic>
<lumpSum>
<type>1.整存整取  Lump-sum Time Deposit</type>
<data>
<item> 三个月  Three months </item>
<personal>1.888</personal>
<company>1.666</company>
</data>
<data>
<item> 六个月  Six months </item>
<personal>1.742</personal>
<company>1.742</company>
</data>
<data>
<item> 一年  One year </item>
<personal>1.995</personal>
<company>1.995</company>
</data>
<data>
<item> 二年  Two years </item>
<personal>2.793</personal>
<company>2.7</company>
</data>
<data>
<item> 三年  Three years </item>
<personal>3.125</personal>
<company>3.2</company>
</data>
<data>
<item> 五年  Five years </item>
<personal>3.5</personal>
<company>3.5</company>
</data>
</lumpSum>
<installment>
<type> 2.零存整取、整存零取、存本取息  Installment Time Deposit、Annuity Savings Deposit、Renewal&amp;Interest payment Deposit</type>
<data>
<item> 一年  One year </item>
<personal>1.463</personal>
<company></company>
</data>
<data>
<item> 三年  Three years </item>
<personal>1.729</personal>
<company></company>
</data>
<data>
<item> 五年  Five years </item>
<personal>2.16</personal>
<company></company>
</data>
</installment>
<fixedDeposit>
<type> 3.定活两便（按一年期以内定期整存整取同档次利率打六折执行） Time-demand（The interest rate is the off 40% interest rate of installment time deposit） </type>
<item></item>
<personal></personal>
<company></company>
</fixedDeposit>
</dq>
<tc>
<topic>三、通知存款  Call Deposit</topic>
<data>
<item> 一天  One day </item>
<personal>0.8</personal>
<company>0.6</company>
</data>
<data>
<item> 七天  Seven day </item>
<personal>1.35</personal>
<company>1.4</company>
</data>
</tc>
<xc>
<topic> 四、协定存款  Agreement Deposit </topic><type></type>
<item></item>
<personal>1.495</personal>
<company>1.495</company>
</xc>
</rmbDepositRate>
<foreignDeposit>	
	<title>
		<column1>存期 \ 币种  Period\Currency </column1>
		<column2>美元 USD </column2>
		<column3>港元 HKD </column3>
		<column4>欧元 EUR </column4>
		<column5>日元 JPY </column5>
	</title>
	<content>
		<com>
		<column1>活期 Current deposit </column1>
		<column2>0.05 </column2>
		<column3>0.01 </column3>
		<column4>0.1 </column4>
		<column5>0.0001 </column5>
		</com>
		
		<com>
		<column1>七天通知  Seven-day call deposit </column1>
		<column2>0.1 </column2>
		<column3>0.05 </column3>
		<column4>0.375 </column4>
		<column5>0.0005 </column5>
		</com>
		
		<com>
		<column1>一个月  1 mounth </column1>
		<column2>0.25 </column2>
		<column3>0.15 </column3>
		<column4>0.75 </column4>
		<column5>0.01 </column5>
		</com>
		
		<com>
		<column1>三个月  3 months </column1>
		<column2>0.5 </column2>
		<column3>0.4 </column3>
		<column4>1 </column4>
		<column5>0.01 </column5>
		</com>
		
		<com>
		<column1>六个月  6 months </column1>
		<column2>0.75 </column2>
		<column3>0.5 </column3>
		<column4>1.125 </column4>
		<column5>0.01 </column5>
		</com>
		
		<com>
		<column1>一年  12 months </column1>
		<column2>1 </column2>
		<column3>0.7 </column3>
		<column4>1.25 </column4>
		<column5>0.01 </column5>
		</com>
		
		<com>
		<column1>十三个月  13 months </column1>
		<column2>1.25 </column2>
		<column3> </column3>
		<column4> </column4>
		<column5> </column5>
		</com>
		
		<com>
		<column1>十五个月  15 months </column1>
		<column2>1.15 </column2>
		<column3> </column3>
		<column4> </column4>
		<column5> </column5>
		</com>
		
		<com>
		<column1>二年  24 months</column1>
		<column2>1.35 </column2>
		<column3>0.6 </column3>
		<column4>1.25 </column4>
		<column5>0.01 </column5>
		</com>
			
		
	</content>
	
</foreignDeposit>
<foreignQuotation>
	
	
	<title>
		<column1>币 种  </column1>
		<column2>现汇卖出价 </column2>
		<column3>现汇买入价 </column3>
		<column4>现钞卖出价 </column4>
		<column5>现钞买入价 </column5>
		<column6>富滇折算价 </column6>
	</title>
	
	<content>
		<com>
		<column1>老挝基普 </column1>
		<column2>1168.22 </column2>
		<column3>1197.60 </column3>
		<column4/>
		<column5/>
		<column6>1194.74</column6>
		</com>
		
		<com>
		<column1>泰铢 </column1>
		<column2>5.0813 </column2>
		<column3>5.1177 </column3>
		<column4>4.9334 </column4>
		<column5>5.2687 </column5>
		<column6>5.1177 </column6>
		</com>
		
		<com>
		<column1> 越南盾 </column1>
		<column2>3521.13 </column2>
		<column3>3597.12 </column3>
		<column4> </column4>
		<column5> </column5>
		<column6>3311 </column6>
		</com>
		
		
		
	</content>
	
</foreignQuotation>
<HPAFLoan>
	
	
	<title>
		<column1>贷款期限(年)  Loan Period(Year) </column1>
		<column2>年利率 ％  APR ％ </column2>
		<column3>月均还款额 Monthly Payments </column3>
		<column4>利息总负担 Gross interest </column4>
		<column5>还款总额 Total Amounts </column5>
		</title>
	
	<content>
		<com>
		<column1>1 </column1>
		<column2>2.75 </column2>
		<column3>845.80 </column3>
		<column4>149.58 </column4>
		<column5>10149.58 </column5>
		</com>
		
		<com>
		<column1>3 </column1>
		<column2>2.75 </column2>
		<column3>289.71 </column3>
		<column4>429.62 </column4>
		<column5>10429.62 </column5>
		</com>
		
		<com>
		<column1> 5 </column1>
		<column2>2.75 </column2>
		<column3>178.58 </column3>
		<column4>714.69 </column4>
		<column5>10714.69 </column5>
		</com>
		
		<com>
		<column1> 10 </column1>
		<column2>3.25 </column2>
		<column3>97.72 </column3>
		<column4>1726.28 </column4>
		<column5>11726.28 </column5>
		</com>
		
		<com>
		<column1>20 </column1>
		<column2>3.25 </column2>
		<column3>56.72 </column3>
		<column4>3612.70 </column4>
		<column5>13612.70 </column5>
		</com>
		
		<com>
		<column1>30</column1>
		<column2>3.25 </column2>
		<column3>43.52 </column3>
		<column4>5667.43 </column4>
		<column5>15667.43 </column5>
		</com>
		
		
	</content>
	
</HPAFLoan>
<PersonalBusinessLoan>
	
	
	<title>
		<column1>贷款期限(年)  Loan Period(Year) </column1>
		<column2>年利率 ％  APR ％ </column2>
		<column3>月均还款额 Monthly Payments </column3>
		<column4>利息总负担 Gross interest </column4>
		<column5>还款总额 Total Amounts </column5>
		</title>
	
	<content>
		<com>
		<column1>1 </column1>
		<column2>4.35 </column2>
		<column3>853.10 </column3>
		<column4>237.19 </column4>
		<column5>10237.19 </column5>
		</com>
		
		<com>
		<column1>3 </column1>
		<column2>4.75 </column2>
		<column3>298.59 </column3>
		<column4>749.16 </column4>
		<column5>10749.16 </column5>
		</com>
		
		<com>
		<column1> 5 </column1>
		<column2>4.75 </column2>
		<column3>187.57 </column3>
		<column4>1254.15 </column4>
		<column5>11254.15 </column5>
		</com>
		
		<com>
		<column1> 10 </column1>
		<column2>4.90 </column2>
		<column3>105.58 </column3>
		<column4>2669.29 </column4>
		<column5>12669.29 </column5>
		</com>
		
		<com>
		<column1>20 </column1>
		<column2>4.90 </column2>
		<column3>65.44 </column3>
		<column4>5706.66 </column4>
		<column5>15706.66 </column5>
		</com>
		
		<com>
		<column1>30</column1>
		<column2>4.90 </column2>
		<column3>53.07 </column3>
		<column4>9106.16 </column4>
		<column5>19106.16 </column5>
		</com>
		
		
	</content>
	
</PersonalBusinessLoan>
<PersonalHousingLoan>
	
	
	<title>
		<column1>贷款期限(年)  Loan Period(Year) </column1>
		<column2>年利率 ％  APR ％ </column2>
		<column3>月均还款额 Monthly Payments </column3>
		<column4>利息总负担 Gross interest </column4>
		<column5>还款总额 Total Amounts </column5>
		</title>
	
	<content>
		<com>
		<column1>1 </column1>
		<column2>4.35 </column2>
		<column3>853.10 </column3>
		<column4>237.19 </column4>
		<column5>10237.19 </column5>
		</com>
		
		<com>
		<column1>3 </column1>
		<column2>4.75 </column2>
		<column3>298.59 </column3>
		<column4>749.16 </column4>
		<column5>10749.16 </column5>
		</com>
		
		<com>
		<column1> 5 </column1>
		<column2>4.75 </column2>
		<column3>187.57 </column3>
		<column4>1254.15 </column4>
		<column5>11254.15 </column5>
		</com>
		
		<com>
		<column1> 10 </column1>
		<column2>4.90 </column2>
		<column3>105.58 </column3>
		<column4>2669.29 </column4>
		<column5>12669.29 </column5>
		</com>
		
		<com>
		<column1>20 </column1>
		<column2>4.90 </column2>
		<column3>65.44 </column3>
		<column4>5706.66 </column4>
		<column5>15706.66 </column5>
		</com>
		
		<com>
		<column1>30</column1>
		<column2>4.90 </column2>
		<column3>53.07 </column3>
		<column4>9106.16 </column4>
		<column5>19106.16 </column5>
		</com>
		
		
	</content>
	
</PersonalHousingLoan>
<Quotation>
	
	
	<title>
		<column1>币 种  </column1>
		<column2>现汇买入价 </column2>
		<column3>现钞买入价 </column3>
		<column4>现钞现汇卖出价 </column4>
		<column5>中间价 </column5>
		</title>
	
	<content>
		<com>
		<column1>美元 </column1>
		<column2>686.42 </column2>
		<column3>681.02 </column3>
		<column4>689.38 </column4>
		<column5>686.04 </column5>
		</com>
		
		<com>
		<column1>港币 </column1>
		<column2>88.47 </column2>
		<column3>87.76 </column3>
		<column4>88.82 </column4>
		<column5>88.434 </column5>
		</com>
		
		<com>
		<column1> 日元 </column1>
		<column2>6.1218 </column2>
		<column3>5.9282 </column3>
		<column4>6.1710 </column4>
		<column5>6.1390 </column5>
		</com>
		
		<com>
		<column1> 欧元 </column1>
		<column2>733.87 </column2>
		<column3>710.66 </column3>
		<column4>739.76</column4>
		<column5>736.93 </column5>
		</com>
		
		
	</content>
	
</Quotation>
</fdyh>