<icbc>
  <object>
    <tblname>DepositRate</tblname>
    <row>
      <type>城乡居民及单位存款</type>
      <limit>活期</limit>
      <rate>0.3</rate>
      <updatedt>2015-10-24</updatedt>
    </row>
    <row>
      <type>城乡居民及单位存款</type>
      <limit>定期</limit>
      <rate/>
      <updatedt>2015-10-24</updatedt>
    </row>
    <row>
      <type>整存整取</type>
      <limit>三个月</limit>
      <rate>1.35</rate>
      <updatedt>2015-10-24</updatedt>
    </row>
    <row>
      <type>整存整取</type>
      <limit>半年</limit>
      <rate>1.55</rate>
      <updatedt>2015-10-24</updatedt>
    </row>
    <row>
      <type>整存整取</type>
      <limit>一年</limit>
      <rate>1.75</rate>
      <updatedt>2015-10-24</updatedt>
    </row>
    <row>
      <type>整存整取</type>
      <limit>二年</limit>
      <rate>2.25</rate>
      <updatedt>2015-10-24</updatedt>
    </row>
    <row>
      <type>整存整取</type>
      <limit>三年</limit>
      <rate>2.75</rate>
      <updatedt>2015-10-24</updatedt>
    </row>
    <row>
      <type>整存整取</type>
      <limit>五年</limit>
      <rate>2.75</rate>
      <updatedt>2015-10-24</updatedt>
    </row>
    <row>
      <type>零存整取、整存零取、存本取息</type>
      <limit>一年</limit>
      <rate>1.35</rate>
      <updatedt>2015-10-24</updatedt>
    </row>
    <row>
      <type>零存整取、整存零取、存本取息</type>
      <limit>三年</limit>
      <rate>1.55</rate>
      <updatedt>2015-10-24</updatedt>
    </row>
    <row>
      <type>零存整取、整存零取、存本取息</type>
      <limit>五年</limit>
      <rate>1.55</rate>
      <updatedt>2015-10-24</updatedt>
    </row>
    <row>
      <type>定活两便</type>
      <limit/>
      <rate>按一年以内定期整存整取同档次利率打6折</rate>
      <updatedt>2015-10-24</updatedt>
    </row>
    <row>
      <type>协定存款</type>
      <limit/>
      <rate>1</rate>
      <updatedt>2015-10-24</updatedt>
    </row>
    <row>
      <type>通知存款</type>
      <limit>一天</limit>
      <rate>0.55</rate>
      <updatedt>2015-10-24</updatedt>
    </row>
    <row>
      <type>通知存款</type>
      <limit>七天</limit>
      <rate>1.1</rate>
      <updatedt>2015-10-24</updatedt>
    </row>
  </object>
  <object>
    <tblname>Gold</tblname>
    <row>
      <metalName>人民币账户黄金</metalName>
      <unit>克</unit>
      <uporDown>1</uporDown>
      <buyPrice>273.76</buyPrice>
      <sellPrice>274.46</sellPrice>
      <middlePrice>274.11</middlePrice>
      <openpriceDv>+0.77</openpriceDv>
      <openpriceDr>+0.28%</openpriceDr>
      <openpriceYr>+6.55%</openpriceYr>
    </row>
    <row>
      <metalName>美元账户黄金</metalName>
      <unit>盎司</unit>
      <uporDown>1</uporDown>
      <buyPrice>1239.6250</buyPrice>
      <sellPrice>1242.6250</sellPrice>
      <middlePrice>1241.1250</middlePrice>
      <openpriceDv>+0.6550</openpriceDv>
      <openpriceDr>+0.05%</openpriceDr>
      <openpriceYr>+7.73%</openpriceYr>
    </row>
  </object>
  <object>
    <tblname>Oil</tblname>
    <row>
      <name>CBOT-SOY-OIL1703(CNY)</name>
      <unit>元/磅</unit>
      <buyPrice>2.2577</buyPrice>
      <sellPrice>2.2910</sellPrice>
      <PriceDate>2017-02-17 18:02:14</PriceDate>
    </row>
    <row>
      <name>CBOT-SOY-OIL1705(CNY)</name>
      <unit>元/磅</unit>
      <buyPrice>2.2862</buyPrice>
      <sellPrice>2.3198</sellPrice>
      <PriceDate>2017-02-17 18:02:14</PriceDate>
    </row>
    <row>
      <name>CBOT-SOY-OIL1707(CNY)</name>
      <unit>元/磅</unit>
      <buyPrice>2.3109</buyPrice>
      <sellPrice>2.3456</sellPrice>
      <PriceDate>2017-02-17 18:02:14</PriceDate>
    </row>
    <row>
      <name>CBOT-SOY-OIL1708(CNY)</name>
      <unit>元/磅</unit>
      <buyPrice>2.3202</buyPrice>
      <sellPrice>2.3551</sellPrice>
      <PriceDate>2017-02-17 18:02:14</PriceDate>
    </row>
    <row>
      <name>CBOT-SOY-OIL1709(CNY)</name>
      <unit>元/磅</unit>
      <buyPrice>2.3287</buyPrice>
      <sellPrice>2.3640</sellPrice>
      <PriceDate>2017-02-17 18:02:14</PriceDate>
    </row>
    <row>
      <name>CBOT-SOY-OIL1710(CNY)</name>
      <unit>元/磅</unit>
      <buyPrice>2.3286</buyPrice>
      <sellPrice>2.3659</sellPrice>
      <PriceDate>2017-02-17 18:02:14</PriceDate>
    </row>
    <row>
      <name>CBOT-SOY-OIL1712(CNY)</name>
      <unit>元/磅</unit>
      <buyPrice>2.3477</buyPrice>
      <sellPrice>2.3844</sellPrice>
      <PriceDate>2017-02-17 18:02:14</PriceDate>
    </row>
  </object>
  <object>
    <tblname>Quotation</tblname>
    <row>
      <currency>美元(USD)</currency>
      <buyingRate>685.72</buyingRate>
      <buyingPrice>681.26</buyingPrice>
      <sellingRate>688.47</sellingRate>
      <unit>人民币/100外币</unit>
      <pubdate>2017年02月17日 17:52:47</pubdate>
    </row>
    <row>
      <currency>港币(HKD)</currency>
      <buyingRate>88.35</buyingRate>
      <buyingPrice>87.77</buyingPrice>
      <sellingRate>88.70</sellingRate>
      <unit>人民币/100外币</unit>
      <pubdate>2017年02月17日 17:52:47</pubdate>
    </row>
    <row>
      <currency>日元(JPY)</currency>
      <buyingRate>6.0671</buyingRate>
      <buyingPrice>5.9283</buyingPrice>
      <sellingRate>6.1097</sellingRate>
      <unit>人民币/100外币</unit>
      <pubdate>2017年02月17日 17:52:47</pubdate>
    </row>
    <row>
      <currency>欧元(EUR)</currency>
      <buyingRate>729.40</buyingRate>
      <buyingPrice>712.72</buyingPrice>
      <sellingRate>734.52</sellingRate>
      <unit>人民币/100外币</unit>
      <pubdate>2017年02月17日 17:52:47</pubdate>
    </row>
    <row>
      <currency>英镑(GBP)</currency>
      <buyingRate>850.96</buyingRate>
      <buyingPrice>831.50</buyingPrice>
      <sellingRate>856.93</sellingRate>
      <unit>人民币/100外币</unit>
      <pubdate>2017年02月17日 17:52:47</pubdate>
    </row>
    <row>
      <currency>瑞士法郎(CHF)</currency>
      <buyingRate>685.58</buyingRate>
      <buyingPrice>669.90</buyingPrice>
      <sellingRate>690.39</sellingRate>
      <unit>人民币/100外币</unit>
      <pubdate>2017年02月17日 17:52:47</pubdate>
    </row>
    <row>
      <currency>加拿大元(CAD)</currency>
      <buyingRate>523.38</buyingRate>
      <buyingPrice>511.41</buyingPrice>
      <sellingRate>527.05</sellingRate>
      <unit>人民币/100外币</unit>
      <pubdate>2017年02月17日 17:52:47</pubdate>
    </row>
    <row>
      <currency>澳大利亚元(AUD)</currency>
      <buyingRate>525.13</buyingRate>
      <buyingPrice>513.12</buyingPrice>
      <sellingRate>528.81</sellingRate>
      <unit>人民币/100外币</unit>
      <pubdate>2017年02月17日 17:52:47</pubdate>
    </row>
    <row>
      <currency>新加坡元(SGD)</currency>
      <buyingRate>483.73</buyingRate>
      <buyingPrice>472.67</buyingPrice>
      <sellingRate>487.13</sellingRate>
      <unit>人民币/100外币</unit>
      <pubdate>2017年02月17日 17:52:47</pubdate>
    </row>
    <row>
      <currency>丹麦克朗(DKK)</currency>
      <buyingRate>98.12</buyingRate>
      <buyingPrice>95.88</buyingPrice>
      <sellingRate>98.81</sellingRate>
      <unit>人民币/100外币</unit>
      <pubdate>2017年02月17日 17:52:47</pubdate>
    </row>
    <row>
      <currency>挪威克朗(NOK)</currency>
      <buyingRate>82.28</buyingRate>
      <buyingPrice>80.40</buyingPrice>
      <sellingRate>82.86</sellingRate>
      <unit>人民币/100外币</unit>
      <pubdate>2017年02月17日 17:52:47</pubdate>
    </row>
    <row>
      <currency>瑞典克朗(SEK)</currency>
      <buyingRate>76.98</buyingRate>
      <buyingPrice>75.22</buyingPrice>
      <sellingRate>77.52</sellingRate>
      <unit>人民币/100外币</unit>
      <pubdate>2017年02月17日 17:52:47</pubdate>
    </row>
    <row>
      <currency>澳门元(MOP)</currency>
      <buyingRate>85.78</buyingRate>
      <buyingPrice>85.22</buyingPrice>
      <sellingRate>86.12</sellingRate>
      <unit>人民币/100外币</unit>
      <pubdate>2017年02月17日 17:52:47</pubdate>
    </row>
    <row>
      <currency>新西兰元(NZD)</currency>
      <buyingRate>492.77</buyingRate>
      <buyingPrice>481.50</buyingPrice>
      <sellingRate>496.23</sellingRate>
      <unit>人民币/100外币</unit>
      <pubdate>2017年02月17日 17:52:47</pubdate>
    </row>
    <row>
      <currency>韩元(KRW)</currency>
      <buyingRate>--</buyingRate>
      <buyingPrice>0.5822</buyingPrice>
      <sellingRate>0.6000</sellingRate>
      <unit>人民币/100外币</unit>
      <pubdate>2017年02月17日 17:52:47</pubdate>
    </row>
    <row>
      <currency>卢布(RUB)</currency>
      <buyingRate>11.86</buyingRate>
      <buyingPrice>11.56</buyingPrice>
      <sellingRate>11.94</sellingRate>
      <unit>人民币/100外币</unit>
      <pubdate>2017年02月17日 17:52:47</pubdate>
    </row>
    <row>
      <currency>林吉特(MYR)</currency>
      <buyingRate>153.79</buyingRate>
      <buyingPrice>--</buyingPrice>
      <sellingRate>154.87</sellingRate>
      <unit>人民币/100外币</unit>
      <pubdate>2017年02月17日 17:52:47</pubdate>
    </row>
    <row>
      <currency>南非兰特(ZAR)</currency>
      <buyingRate>52.23</buyingRate>
      <buyingPrice>50.20</buyingPrice>
      <sellingRate>52.60</sellingRate>
      <unit>人民币/100外币</unit>
      <pubdate>2017年02月17日 17:52:47</pubdate>
    </row>
    <row>
      <currency>菲律宾比索(PHP)</currency>
      <buyingRate>13.335</buyingRate>
      <buyingPrice>13.335</buyingPrice>
      <sellingRate>13.774</sellingRate>
      <unit>人民币/100外币</unit>
      <pubdate>2017年02月17日 17:52:47</pubdate>
    </row>
    <row>
      <currency>泰国铢(THB)</currency>
      <buyingRate>19.58</buyingRate>
      <buyingPrice>19.08</buyingPrice>
      <sellingRate>19.71</sellingRate>
      <unit>人民币/100外币</unit>
      <pubdate>2017年02月17日 17:52:47</pubdate>
    </row>
    <row>
      <currency>哈萨克斯坦 坚戈(KZT)</currency>
      <buyingRate>2.1504</buyingRate>
      <buyingPrice>2.0965</buyingPrice>
      <sellingRate>2.1655</sellingRate>
      <unit>人民币/100外币</unit>
      <pubdate>2017年02月17日 17:52:47</pubdate>
    </row>
    <row>
      <currency>巴西雷亚尔(BRL)</currency>
      <buyingRate>214.31</buyingRate>
      <buyingPrice>214.31</buyingPrice>
      <sellingRate>235.65</sellingRate>
      <unit>人民币/100外币</unit>
      <pubdate>2017年02月17日 17:52:47</pubdate>
    </row>
    <row>
      <currency>印尼盾(IDR)</currency>
      <buyingRate>0.0503</buyingRate>
      <buyingPrice>0.0503</buyingPrice>
      <sellingRate>0.0534</sellingRate>
      <unit>人民币/100外币</unit>
      <pubdate>2017年02月17日 17:52:47</pubdate>
    </row>
    <row>
      <currency>越南盾(VDN)</currency>
      <buyingRate>0.0278</buyingRate>
      <buyingPrice>0.0278</buyingPrice>
      <sellingRate>0.0295</sellingRate>
      <unit>人民币/100外币</unit>
      <pubdate>2017年02月17日 17:52:47</pubdate>
    </row>
    <row>
      <currency>巴基斯坦卢比(PKR)</currency>
      <buyingRate>6.5349</buyingRate>
      <buyingPrice>6.3710</buyingPrice>
      <sellingRate>6.5807</sellingRate>
      <unit>人民币/100外币</unit>
      <pubdate>2017年02月17日 17:52:47</pubdate>
    </row>
    <row>
      <currency>新台币(TWD)</currency>
      <buyingRate>21.66</buyingRate>
      <buyingPrice>21.66</buyingPrice>
      <sellingRate>23.24</sellingRate>
      <unit>人民币/100外币</unit>
      <pubdate>2017年02月17日 17:52:47</pubdate>
    </row>
    <row>
      <currency>沙特里亚尔(SAR)</currency>
      <buyingRate>182.60</buyingRate>
      <buyingPrice>178.42</buyingPrice>
      <sellingRate>183.88</sellingRate>
      <unit>人民币/100外币</unit>
      <pubdate>2017年02月17日 17:52:47</pubdate>
    </row>
    <row>
      <currency>阿联酋 迪拉姆(AED)</currency>
      <buyingRate>186.45</buyingRate>
      <buyingPrice>182.18</buyingPrice>
      <sellingRate>187.76</sellingRate>
      <unit>人民币/100外币</unit>
      <pubdate>2017年02月17日 17:52:47</pubdate>
    </row>
  </object>
  <object>
    <tblname>Stock</tblname>
    <row>
      <stockName>上证指数</stockName>
      <currentPoint>3202.0756</currentPoint>
      <upordownPoint>-27.5428</upordownPoint>
      <upordownRate>-0.85</upordownRate>
      <tradeNum>2262281</tradeNum>
      <tradePrice>24857275</tradePrice>
    </row>
    <row>
      <stockName>深证成指</stockName>
      <currentPoint>10197.92</currentPoint>
      <upordownPoint>-56.039</upordownPoint>
      <upordownRate>-0.55</upordownRate>
      <tradeNum>180830329</tradeNum>
      <tradePrice>25077175</tradePrice>
    </row>
  </object>
  <test>11</test>
</icbc>