<?xml version="1.0" encoding="UTF-8"?>
<fdyh>
  <deposit>
	<tblName>rmbDepositRate</tblName>
	<row>
		<topic>主类型</topic>
		<type>小类型</type>
		<item>项目 Items</item>
		<personal>个人  Personal</personal>
		<company>公司 Company</company>
	</row>

	<hq>
		<topic>一、活期  Current deposit</topic>
		<type></type>
		<item></item>
		<personal>0.35</personal>
		<company>0.399</company>
	</hq>


	<dq>
		<topic>二、定期 Fixed term deposit</topic>
		<lumpSum>
			<type>1.整存整取  Lump-sum Time Deposit</type>
			<data>
				<item> 三个月  Three months </item>
				<personal>1.474</personal>
				<company>1.474</company>
			</data>
			<data>
				<item>六个月  Three months </item>
				<personal>1.474</personal>
				<company>1.474</company>
			</data>
		</lumpSum>
		<installment>
			<type>2.零存整取  Lump-sum Time Deposit</type>
			<data>
				<item> 三个月  Three months </item>
				<personal>1.474</personal>
				<company>1.474</company>
			</data>
			<data>
				<item>六个月  Three months </item>
				<personal>1.474</personal>
				<company>1.474</company>
			</data>
		</installment>

	</dq>

  </deposit>
</fdyh>